<?xml version="1.0" encoding="UTF-8"?>
<rss version="2.0" xmlns:ror="http://rorweb.com/0.1/" >
<channel>
  <title>ROR Sitemap for https://maquinatextil.ml/</title>
  <link>https://maquinatextil.ml/</link>

<item>
     <link>https://maquinatextil.ml/</link>
     <title>Inicio</title>
     <description>maquinas texteis de fabricar
Fitas rigidas , Fitas elásticas ,Revestidora de borracha,Revestidora de

cordões ,Tear de agulhas,Tear de fitas e Tear de crochet

Instalação  e montagem de máquinas recobridoras de cordões e borrachas,teares para fitas texteis,crochet 

 

</description>
     <ror:updatePeriod></ror:updatePeriod>
     <ror:sortOrder>0</ror:sortOrder>
     <ror:resourceOf>sitemap</ror:resourceOf>
</item>
<item>
     <link>https://maquinatextil.ml/index.html</link>
     <title>Inicio</title>
     <description>maquinas texteis de fabricar
Fitas rigidas , Fitas elásticas ,Revestidora de borracha,Revestidora de

cordões ,Tear de agulhas,Tear de fitas e Tear de crochet

Instalação  e montagem de máquinas recobridoras de cordões e borrachas,teares para fitas texteis,crochet 

 

</description>
     <ror:updatePeriod></ror:updatePeriod>
     <ror:sortOrder>1</ror:sortOrder>
     <ror:resourceOf>sitemap</ror:resourceOf>
</item>
<item>
     <link>https://maquinatextil.ml/M%C3%A1quinas.html</link>
     <title>Máquinas</title>
     <description>Maquinas têxteis industrial de fabricar fitas e elásticos,máquinas crochet de elásticos e fitas têxteis,máquina de revestir cordão e borracha</description>
     <ror:updatePeriod></ror:updatePeriod>
     <ror:sortOrder>1</ror:sortOrder>
     <ror:resourceOf>sitemap</ror:resourceOf>
</item>
</channel>
</rss>
  